house,title,question_number,url
shugiin,質問答弁情報,,menu_m.htm
shugiin,質問(HTML),,a217001.htm
shugiin,質問(PDF 160KB),,../../../itdb_shitsumon_pdf_s.nsf/html/shitsumon/pdfS/a217001.pdf/$File/a217001.pdf
shugiin,質問(HTML),,a217002.htm
shugiin,質問(PDF 150KB),,../../../itdb_shitsumon_pdf_s.nsf/html/shitsumon/pdfS/a217002.pdf/$File/a217002.pdf
shugiin,質問(HTML),,a217003.htm
shugiin,質問(PDF 127KB),,../../../itdb_shitsumon_pdf_s.nsf/html/shitsumon/pdfS/a217003.pdf/$File/a217003.pdf
shugiin,質問(HTML),,a217004.htm
shugiin,質問(PDF 167KB),,../../../itdb_shitsumon_pdf_s.nsf/html/shitsumon/pdfS/a217004.pdf/$File/a217004.pdf
shugiin,質問(HTML),,a217005.htm
shugiin,質問(PDF 179KB),,../../../itdb_shitsumon_pdf_s.nsf/html/shitsumon/pdfS/a217005.pdf/$File/a217005.pdf
shugiin,質問(HTML),,a217006.htm
shugiin,質問(PDF 141KB),,../../../itdb_shitsumon_pdf_s.nsf/html/shitsumon/pdfS/a217006.pdf/$File/a217006.pdf
shugiin,質問(HTML),,a217007.htm
shugiin,質問(PDF 135KB),,../../../itdb_shitsumon_pdf_s.nsf/html/shitsumon/pdfS/a217007.pdf/$File/a217007.pdf
shugiin,質問(HTML),,a217008.htm
shugiin,質問(PDF 160KB),,../../../itdb_shitsumon_pdf_s.nsf/html/shitsumon/pdfS/a217008.pdf/$File/a217008.pdf
shugiin,質問(HTML),,a217009.htm
shugiin,質問(PDF 175KB),,../../../itdb_shitsumon_pdf_s.nsf/html/shitsumon/pdfS/a217009.pdf/$File/a217009.pdf
shugiin,質問(HTML),,a217010.htm
shugiin,質問(PDF 140KB),,../../../itdb_shitsumon_pdf_s.nsf/html/shitsumon/pdfS/a217010.pdf/$File/a217010.pdf
shugiin,質問(HTML),,a217011.htm
shugiin,質問(PDF 168KB),,../../../itdb_shitsumon_pdf_s.nsf/html/shitsumon/pdfS/a217011.pdf/$File/a217011.pdf
shugiin,質問(HTML),,a217012.htm
shugiin,質問(PDF 159KB),,../../../itdb_shitsumon_pdf_s.nsf/html/shitsumon/pdfS/a217012.pdf/$File/a217012.pdf
shugiin,質問(HTML),,a217013.htm
shugiin,質問(PDF 114KB),,../../../itdb_shitsumon_pdf_s.nsf/html/shitsumon/pdfS/a217013.pdf/$File/a217013.pdf
shugiin,質問(HTML),,a217014.htm
shugiin,質問(PDF 208KB),,../../../itdb_shitsumon_pdf_s.nsf/html/shitsumon/pdfS/a217014.pdf/$File/a217014.pdf
shugiin,質問(HTML),,a217015.htm
shugiin,質問(PDF 132KB),,../../../itdb_shitsumon_pdf_s.nsf/html/shitsumon/pdfS/a217015.pdf/$File/a217015.pdf
shugiin,質問(HTML),,a217016.htm
shugiin,質問(PDF 243KB),,../../../itdb_shitsumon_pdf_s.nsf/html/shitsumon/pdfS/a217016.pdf/$File/a217016.pdf
shugiin,質問(HTML),,a217017.htm
shugiin,質問(PDF 193KB),,../../../itdb_shitsumon_pdf_s.nsf/html/shitsumon/pdfS/a217017.pdf/$File/a217017.pdf
shugiin,質問(HTML),,a217018.htm
shugiin,質問(PDF 141KB),,../../../itdb_shitsumon_pdf_s.nsf/html/shitsumon/pdfS/a217018.pdf/$File/a217018.pdf
shugiin,質問(HTML),,a217019.htm
shugiin,質問(PDF 161KB),,../../../itdb_shitsumon_pdf_s.nsf/html/shitsumon/pdfS/a217019.pdf/$File/a217019.pdf
shugiin,質問(HTML),,a217020.htm
shugiin,質問(PDF 115KB),,../../../itdb_shitsumon_pdf_s.nsf/html/shitsumon/pdfS/a217020.pdf/$File/a217020.pdf
shugiin,質問(HTML),,a217021.htm
shugiin,質問(PDF 128KB),,../../../itdb_shitsumon_pdf_s.nsf/html/shitsumon/pdfS/a217021.pdf/$File/a217021.pdf
shugiin,質問(HTML),,a217022.htm
shugiin,質問(PDF 132KB),,../../../itdb_shitsumon_pdf_s.nsf/html/shitsumon/pdfS/a217022.pdf/$File/a217022.pdf
shugiin,質問(HTML),,a217023.htm
shugiin,質問(PDF 138KB),,../../../itdb_shitsumon_pdf_s.nsf/html/shitsumon/pdfS/a217023.pdf/$File/a217023.pdf
shugiin,質問(HTML),,a217024.htm
shugiin,質問(PDF 159KB),,../../../itdb_shitsumon_pdf_s.nsf/html/shitsumon/pdfS/a217024.pdf/$File/a217024.pdf
shugiin,質問(HTML),,a217025.htm
shugiin,質問(PDF 180KB),,../../../itdb_shitsumon_pdf_s.nsf/html/shitsumon/pdfS/a217025.pdf/$File/a217025.pdf
shugiin,質問(HTML),,a217026.htm
shugiin,質問(PDF 139KB),,../../../itdb_shitsumon_pdf_s.nsf/html/shitsumon/pdfS/a217026.pdf/$File/a217026.pdf
shugiin,質問(HTML),,a217027.htm
shugiin,質問(PDF 154KB),,../../../itdb_shitsumon_pdf_s.nsf/html/shitsumon/pdfS/a217027.pdf/$File/a217027.pdf
shugiin,質問(HTML),,a217028.htm
shugiin,質問(PDF 180KB),,../../../itdb_shitsumon_pdf_s.nsf/html/shitsumon/pdfS/a217028.pdf/$File/a217028.pdf
shugiin,質問(HTML),,a217029.htm
shugiin,質問(PDF 166KB),,../../../itdb_shitsumon_pdf_s.nsf/html/shitsumon/pdfS/a217029.pdf/$File/a217029.pdf
shugiin,質問(HTML),,a217030.htm
shugiin,質問(PDF 142KB),,../../../itdb_shitsumon_pdf_s.nsf/html/shitsumon/pdfS/a217030.pdf/$File/a217030.pdf
shugiin,質問(HTML),,a217031.htm
shugiin,質問(PDF 136KB),,../../../itdb_shitsumon_pdf_s.nsf/html/shitsumon/pdfS/a217031.pdf/$File/a217031.pdf
shugiin,質問(HTML),,a217032.htm
shugiin,質問(PDF 126KB),,../../../itdb_shitsumon_pdf_s.nsf/html/shitsumon/pdfS/a217032.pdf/$File/a217032.pdf
shugiin,質問(HTML),,a217033.htm
shugiin,質問(PDF 136KB),,../../../itdb_shitsumon_pdf_s.nsf/html/shitsumon/pdfS/a217033.pdf/$File/a217033.pdf
shugiin,質問(HTML),,a217034.htm
shugiin,質問(PDF 124KB),,../../../itdb_shitsumon_pdf_s.nsf/html/shitsumon/pdfS/a217034.pdf/$File/a217034.pdf
shugiin,質問(HTML),,a217035.htm
shugiin,質問(PDF 137KB),,../../../itdb_shitsumon_pdf_s.nsf/html/shitsumon/pdfS/a217035.pdf/$File/a217035.pdf
shugiin,質問(HTML),,a217036.htm
shugiin,質問(PDF 138KB),,../../../itdb_shitsumon_pdf_s.nsf/html/shitsumon/pdfS/a217036.pdf/$File/a217036.pdf
shugiin,質問(HTML),,a217037.htm
shugiin,質問(PDF 175KB),,../../../itdb_shitsumon_pdf_s.nsf/html/shitsumon/pdfS/a217037.pdf/$File/a217037.pdf
shugiin,質問(HTML),,a217038.htm
shugiin,質問(PDF 143KB),,../../../itdb_shitsumon_pdf_s.nsf/html/shitsumon/pdfS/a217038.pdf/$File/a217038.pdf
shugiin,質問(HTML),,a217039.htm
shugiin,質問(PDF 131KB),,../../../itdb_shitsumon_pdf_s.nsf/html/shitsumon/pdfS/a217039.pdf/$File/a217039.pdf
shugiin,質問(HTML),,a217040.htm
shugiin,質問(PDF 165KB),,../../../itdb_shitsumon_pdf_s.nsf/html/shitsumon/pdfS/a217040.pdf/$File/a217040.pdf
shugiin,質問(HTML),,a217041.htm
shugiin,質問(PDF 174KB),,../../../itdb_shitsumon_pdf_s.nsf/html/shitsumon/pdfS/a217041.pdf/$File/a217041.pdf
shugiin,質問(HTML),,a217042.htm
shugiin,質問(PDF 168KB),,../../../itdb_shitsumon_pdf_s.nsf/html/shitsumon/pdfS/a217042.pdf/$File/a217042.pdf
shugiin,質問(HTML),,a217043.htm
shugiin,質問(PDF 185KB),,../../../itdb_shitsumon_pdf_s.nsf/html/shitsumon/pdfS/a217043.pdf/$File/a217043.pdf
shugiin,質問(HTML),,a217044.htm
shugiin,質問(PDF 80KB),,../../../itdb_shitsumon_pdf_s.nsf/html/shitsumon/pdfS/a217044.pdf/$File/a217044.pdf
shugiin,質問(HTML),,a217045.htm
shugiin,質問(PDF 186KB),,../../../itdb_shitsumon_pdf_s.nsf/html/shitsumon/pdfS/a217045.pdf/$File/a217045.pdf
shugiin,質問(HTML),,a217046.htm
shugiin,質問(PDF 104KB),,../../../itdb_shitsumon_pdf_s.nsf/html/shitsumon/pdfS/a217046.pdf/$File/a217046.pdf
shugiin,質問(HTML),,a217047.htm
shugiin,質問(PDF 128KB),,../../../itdb_shitsumon_pdf_s.nsf/html/shitsumon/pdfS/a217047.pdf/$File/a217047.pdf
shugiin,質問(HTML),,a217048.htm
shugiin,質問(PDF 147KB),,../../../itdb_shitsumon_pdf_s.nsf/html/shitsumon/pdfS/a217048.pdf/$File/a217048.pdf
shugiin,質問(HTML),,a217049.htm
shugiin,質問(PDF 130KB),,../../../itdb_shitsumon_pdf_s.nsf/html/shitsumon/pdfS/a217049.pdf/$File/a217049.pdf
shugiin,質問(HTML),,a217050.htm
shugiin,質問(PDF 156KB),,../../../itdb_shitsumon_pdf_s.nsf/html/shitsumon/pdfS/a217050.pdf/$File/a217050.pdf
shugiin,質問(HTML),,a217051.htm
shugiin,質問(PDF 129KB),,../../../itdb_shitsumon_pdf_s.nsf/html/shitsumon/pdfS/a217051.pdf/$File/a217051.pdf
shugiin,質問(HTML),,a217052.htm
shugiin,質問(PDF 169KB),,../../../itdb_shitsumon_pdf_s.nsf/html/shitsumon/pdfS/a217052.pdf/$File/a217052.pdf
shugiin,質問(HTML),,a217053.htm
shugiin,質問(PDF 152KB),,../../../itdb_shitsumon_pdf_s.nsf/html/shitsumon/pdfS/a217053.pdf/$File/a217053.pdf
shugiin,質問(HTML),,a217054.htm
shugiin,質問(PDF 129KB),,../../../itdb_shitsumon_pdf_s.nsf/html/shitsumon/pdfS/a217054.pdf/$File/a217054.pdf
shugiin,質問(HTML),,a217055.htm
shugiin,質問(PDF 157KB),,../../../itdb_shitsumon_pdf_s.nsf/html/shitsumon/pdfS/a217055.pdf/$File/a217055.pdf
shugiin,質問(HTML),,a217056.htm
shugiin,質問(PDF 196KB),,../../../itdb_shitsumon_pdf_s.nsf/html/shitsumon/pdfS/a217056.pdf/$File/a217056.pdf
shugiin,質問(HTML),,a217057.htm
shugiin,質問(PDF 140KB),,../../../itdb_shitsumon_pdf_s.nsf/html/shitsumon/pdfS/a217057.pdf/$File/a217057.pdf
shugiin,質問(HTML),,a217058.htm
shugiin,質問(PDF 161KB),,../../../itdb_shitsumon_pdf_s.nsf/html/shitsumon/pdfS/a217058.pdf/$File/a217058.pdf
shugiin,質問(HTML),,a217059.htm
shugiin,質問(PDF 118KB),,../../../itdb_shitsumon_pdf_s.nsf/html/shitsumon/pdfS/a217059.pdf/$File/a217059.pdf
shugiin,質問(HTML),,a217060.htm
shugiin,質問(PDF 146KB),,../../../itdb_shitsumon_pdf_s.nsf/html/shitsumon/pdfS/a217060.pdf/$File/a217060.pdf
shugiin,質問(HTML),,a217061.htm
shugiin,質問(PDF 145KB),,../../../itdb_shitsumon_pdf_s.nsf/html/shitsumon/pdfS/a217061.pdf/$File/a217061.pdf
shugiin,質問(HTML),,a217062.htm
shugiin,質問(PDF 139KB),,../../../itdb_shitsumon_pdf_s.nsf/html/shitsumon/pdfS/a217062.pdf/$File/a217062.pdf
shugiin,質問(HTML),,a217063.htm
shugiin,質問(PDF 219KB),,../../../itdb_shitsumon_pdf_s.nsf/html/shitsumon/pdfS/a217063.pdf/$File/a217063.pdf
shugiin,質問(HTML),,a217064.htm
shugiin,質問(PDF 164KB),,../../../itdb_shitsumon_pdf_s.nsf/html/shitsumon/pdfS/a217064.pdf/$File/a217064.pdf
shugiin,質問(HTML),,a217065.htm
shugiin,質問(PDF 195KB),,../../../itdb_shitsumon_pdf_s.nsf/html/shitsumon/pdfS/a217065.pdf/$File/a217065.pdf
shugiin,質問(HTML),,a217066.htm
shugiin,質問(PDF 181KB),,../../../itdb_shitsumon_pdf_s.nsf/html/shitsumon/pdfS/a217066.pdf/$File/a217066.pdf
shugiin,質問(HTML),,a217067.htm
shugiin,質問(PDF 160KB),,../../../itdb_shitsumon_pdf_s.nsf/html/shitsumon/pdfS/a217067.pdf/$File/a217067.pdf
shugiin,質問(HTML),,a217068.htm
shugiin,質問(PDF 150KB),,../../../itdb_shitsumon_pdf_s.nsf/html/shitsumon/pdfS/a217068.pdf/$File/a217068.pdf
shugiin,質問(HTML),,a217069.htm
shugiin,質問(PDF 164KB),,../../../itdb_shitsumon_pdf_s.nsf/html/shitsumon/pdfS/a217069.pdf/$File/a217069.pdf
shugiin,質問(HTML),,a217070.htm
shugiin,質問(PDF 200KB),,../../../itdb_shitsumon_pdf_s.nsf/html/shitsumon/pdfS/a217070.pdf/$File/a217070.pdf
shugiin,質問(HTML),,a217071.htm
shugiin,質問(PDF 86KB),,../../../itdb_shitsumon_pdf_s.nsf/html/shitsumon/pdfS/a217071.pdf/$File/a217071.pdf
shugiin,質問(HTML),,a217072.htm
shugiin,質問(PDF 148KB),,../../../itdb_shitsumon_pdf_s.nsf/html/shitsumon/pdfS/a217072.pdf/$File/a217072.pdf
shugiin,質問(HTML),,a217073.htm
shugiin,質問(PDF 154KB),,../../../itdb_shitsumon_pdf_s.nsf/html/shitsumon/pdfS/a217073.pdf/$File/a217073.pdf
shugiin,質問(HTML),,a217074.htm
shugiin,質問(PDF 177KB),,../../../itdb_shitsumon_pdf_s.nsf/html/shitsumon/pdfS/a217074.pdf/$File/a217074.pdf
shugiin,質問(HTML),,a217075.htm
shugiin,質問(PDF 134KB),,../../../itdb_shitsumon_pdf_s.nsf/html/shitsumon/pdfS/a217075.pdf/$File/a217075.pdf
shugiin,質問(HTML),,a217076.htm
shugiin,質問(PDF 160KB),,../../../itdb_shitsumon_pdf_s.nsf/html/shitsumon/pdfS/a217076.pdf/$File/a217076.pdf
shugiin,質問(HTML),,a217077.htm
shugiin,質問(PDF 187KB),,../../../itdb_shitsumon_pdf_s.nsf/html/shitsumon/pdfS/a217077.pdf/$File/a217077.pdf
shugiin,質問(HTML),,a217078.htm
shugiin,質問(PDF 117KB),,../../../itdb_shitsumon_pdf_s.nsf/html/shitsumon/pdfS/a217078.pdf/$File/a217078.pdf
shugiin,質問(HTML),,a217079.htm
shugiin,質問(PDF 151KB),,../../../itdb_shitsumon_pdf_s.nsf/html/shitsumon/pdfS/a217079.pdf/$File/a217079.pdf
shugiin,質問(HTML),,a217080.htm
shugiin,質問(PDF 131KB),,../../../itdb_shitsumon_pdf_s.nsf/html/shitsumon/pdfS/a217080.pdf/$File/a217080.pdf
shugiin,質問(HTML),,a217081.htm
shugiin,質問(PDF 139KB),,../../../itdb_shitsumon_pdf_s.nsf/html/shitsumon/pdfS/a217081.pdf/$File/a217081.pdf
shugiin,質問(HTML),,a217082.htm
shugiin,質問(PDF 109KB),,../../../itdb_shitsumon_pdf_s.nsf/html/shitsumon/pdfS/a217082.pdf/$File/a217082.pdf
shugiin,質問(HTML),,a217083.htm
shugiin,質問(PDF 177KB),,../../../itdb_shitsumon_pdf_s.nsf/html/shitsumon/pdfS/a217083.pdf/$File/a217083.pdf
shugiin,質問(HTML),,a217084.htm
shugiin,質問(PDF 143KB),,../../../itdb_shitsumon_pdf_s.nsf/html/shitsumon/pdfS/a217084.pdf/$File/a217084.pdf
shugiin,質問(HTML),,a217085.htm
shugiin,質問(PDF 149KB),,../../../itdb_shitsumon_pdf_s.nsf/html/shitsumon/pdfS/a217085.pdf/$File/a217085.pdf
shugiin,質問(HTML),,a217086.htm
shugiin,質問(PDF 236KB),,../../../itdb_shitsumon_pdf_s.nsf/html/shitsumon/pdfS/a217086.pdf/$File/a217086.pdf
shugiin,質問(HTML),,a217087.htm
shugiin,質問(PDF 192KB),,../../../itdb_shitsumon_pdf_s.nsf/html/shitsumon/pdfS/a217087.pdf/$File/a217087.pdf
shugiin,質問(HTML),,a217088.htm
shugiin,質問(PDF 143KB),,../../../itdb_shitsumon_pdf_s.nsf/html/shitsumon/pdfS/a217088.pdf/$File/a217088.pdf
shugiin,質問(HTML),,a217089.htm
shugiin,質問(PDF 101KB),,../../../itdb_shitsumon_pdf_s.nsf/html/shitsumon/pdfS/a217089.pdf/$File/a217089.pdf
shugiin,質問(HTML),,a217090.htm
shugiin,質問(PDF 76KB),,../../../itdb_shitsumon_pdf_s.nsf/html/shitsumon/pdfS/a217090.pdf/$File/a217090.pdf
shugiin,質問(HTML),,a217091.htm
shugiin,質問(PDF 137KB),,../../../itdb_shitsumon_pdf_s.nsf/html/shitsumon/pdfS/a217091.pdf/$File/a217091.pdf
shugiin,質問(HTML),,a217092.htm
shugiin,質問(PDF 161KB),,../../../itdb_shitsumon_pdf_s.nsf/html/shitsumon/pdfS/a217092.pdf/$File/a217092.pdf
shugiin,質問(HTML),,a217093.htm
shugiin,質問(PDF 159KB),,../../../itdb_shitsumon_pdf_s.nsf/html/shitsumon/pdfS/a217093.pdf/$File/a217093.pdf
shugiin,質問(HTML),,a217094.htm
shugiin,質問(PDF 157KB),,../../../itdb_shitsumon_pdf_s.nsf/html/shitsumon/pdfS/a217094.pdf/$File/a217094.pdf
shugiin,質問(HTML),,a217095.htm
shugiin,質問(PDF 160KB),,../../../itdb_shitsumon_pdf_s.nsf/html/shitsumon/pdfS/a217095.pdf/$File/a217095.pdf
shugiin,質問(HTML),,a217096.htm
shugiin,質問(PDF 231KB),,../../../itdb_shitsumon_pdf_s.nsf/html/shitsumon/pdfS/a217096.pdf/$File/a217096.pdf
shugiin,質問(HTML),,a217097.htm
shugiin,質問(PDF 174KB),,../../../itdb_shitsumon_pdf_s.nsf/html/shitsumon/pdfS/a217097.pdf/$File/a217097.pdf
shugiin,質問(HTML),,a217098.htm
shugiin,質問(PDF 175KB),,../../../itdb_shitsumon_pdf_s.nsf/html/shitsumon/pdfS/a217098.pdf/$File/a217098.pdf
shugiin,質問(HTML),,a217099.htm
shugiin,質問(PDF 196KB),,../../../itdb_shitsumon_pdf_s.nsf/html/shitsumon/pdfS/a217099.pdf/$File/a217099.pdf
shugiin,質問(HTML),,a217100.htm
shugiin,質問(PDF 156KB),,../../../itdb_shitsumon_pdf_s.nsf/html/shitsumon/pdfS/a217100.pdf/$File/a217100.pdf
shugiin,質問(HTML),,a217101.htm
shugiin,質問(PDF 131KB),,../../../itdb_shitsumon_pdf_s.nsf/html/shitsumon/pdfS/a217101.pdf/$File/a217101.pdf
shugiin,質問(HTML),,a217102.htm
shugiin,質問(PDF 144KB),,../../../itdb_shitsumon_pdf_s.nsf/html/shitsumon/pdfS/a217102.pdf/$File/a217102.pdf
shugiin,質問(HTML),,a217103.htm
shugiin,質問(PDF 224KB),,../../../itdb_shitsumon_pdf_s.nsf/html/shitsumon/pdfS/a217103.pdf/$File/a217103.pdf
shugiin,質問(HTML),,a217104.htm
shugiin,質問(PDF 182KB),,../../../itdb_shitsumon_pdf_s.nsf/html/shitsumon/pdfS/a217104.pdf/$File/a217104.pdf
shugiin,質問(HTML),,a217105.htm
shugiin,質問(PDF 156KB),,../../../itdb_shitsumon_pdf_s.nsf/html/shitsumon/pdfS/a217105.pdf/$File/a217105.pdf
shugiin,質問(HTML),,a217106.htm
shugiin,質問(PDF 108KB),,../../../itdb_shitsumon_pdf_s.nsf/html/shitsumon/pdfS/a217106.pdf/$File/a217106.pdf
shugiin,質問(HTML),,a217107.htm
shugiin,質問(PDF 205KB),,../../../itdb_shitsumon_pdf_s.nsf/html/shitsumon/pdfS/a217107.pdf/$File/a217107.pdf
shugiin,質問(HTML),,a217108.htm
shugiin,質問(PDF 188KB),,../../../itdb_shitsumon_pdf_s.nsf/html/shitsumon/pdfS/a217108.pdf/$File/a217108.pdf
shugiin,質問(HTML),,a217109.htm
shugiin,質問(PDF 182KB),,../../../itdb_shitsumon_pdf_s.nsf/html/shitsumon/pdfS/a217109.pdf/$File/a217109.pdf
shugiin,質問(HTML),,a217110.htm
shugiin,質問(PDF 106KB),,../../../itdb_shitsumon_pdf_s.nsf/html/shitsumon/pdfS/a217110.pdf/$File/a217110.pdf
shugiin,質問(HTML),,a217111.htm
shugiin,質問(PDF 143KB),,../../../itdb_shitsumon_pdf_s.nsf/html/shitsumon/pdfS/a217111.pdf/$File/a217111.pdf
shugiin,質問(HTML),,a217112.htm
shugiin,質問(PDF 142KB),,../../../itdb_shitsumon_pdf_s.nsf/html/shitsumon/pdfS/a217112.pdf/$File/a217112.pdf
shugiin,質問(HTML),,a217113.htm
shugiin,質問(PDF 118KB),,../../../itdb_shitsumon_pdf_s.nsf/html/shitsumon/pdfS/a217113.pdf/$File/a217113.pdf
shugiin,質問(HTML),,a217114.htm
shugiin,質問(PDF 134KB),,../../../itdb_shitsumon_pdf_s.nsf/html/shitsumon/pdfS/a217114.pdf/$File/a217114.pdf
shugiin,質問(HTML),,a217115.htm
shugiin,質問(PDF 168KB),,../../../itdb_shitsumon_pdf_s.nsf/html/shitsumon/pdfS/a217115.pdf/$File/a217115.pdf
shugiin,質問(HTML),,a217116.htm
shugiin,質問(PDF 205KB),,../../../itdb_shitsumon_pdf_s.nsf/html/shitsumon/pdfS/a217116.pdf/$File/a217116.pdf
shugiin,質問(HTML),,a217117.htm
shugiin,質問(PDF 200KB),,../../../itdb_shitsumon_pdf_s.nsf/html/shitsumon/pdfS/a217117.pdf/$File/a217117.pdf
shugiin,質問(HTML),,a217118.htm
shugiin,質問(PDF 131KB),,../../../itdb_shitsumon_pdf_s.nsf/html/shitsumon/pdfS/a217118.pdf/$File/a217118.pdf
shugiin,質問(HTML),,a217119.htm
shugiin,質問(PDF 120KB),,../../../itdb_shitsumon_pdf_s.nsf/html/shitsumon/pdfS/a217119.pdf/$File/a217119.pdf
shugiin,質問(HTML),,a217120.htm
shugiin,質問(PDF 177KB),,../../../itdb_shitsumon_pdf_s.nsf/html/shitsumon/pdfS/a217120.pdf/$File/a217120.pdf
shugiin,質問(HTML),,a217121.htm
shugiin,質問(PDF 125KB),,../../../itdb_shitsumon_pdf_s.nsf/html/shitsumon/pdfS/a217121.pdf/$File/a217121.pdf
shugiin,質問(HTML),,a217122.htm
shugiin,質問(PDF 124KB),,../../../itdb_shitsumon_pdf_s.nsf/html/shitsumon/pdfS/a217122.pdf/$File/a217122.pdf
shugiin,質問(HTML),,a217123.htm
shugiin,質問(PDF 171KB),,../../../itdb_shitsumon_pdf_s.nsf/html/shitsumon/pdfS/a217123.pdf/$File/a217123.pdf
shugiin,質問(HTML),,a217124.htm
shugiin,質問(PDF 157KB),,../../../itdb_shitsumon_pdf_s.nsf/html/shitsumon/pdfS/a217124.pdf/$File/a217124.pdf
shugiin,質問(HTML),,a217125.htm
shugiin,質問(PDF 171KB),,../../../itdb_shitsumon_pdf_s.nsf/html/shitsumon/pdfS/a217125.pdf/$File/a217125.pdf
shugiin,質問(HTML),,a217126.htm
shugiin,質問(PDF 149KB),,../../../itdb_shitsumon_pdf_s.nsf/html/shitsumon/pdfS/a217126.pdf/$File/a217126.pdf
shugiin,質問(HTML),,a217127.htm
shugiin,質問(PDF 139KB),,../../../itdb_shitsumon_pdf_s.nsf/html/shitsumon/pdfS/a217127.pdf/$File/a217127.pdf
shugiin,質問(HTML),,a217128.htm
shugiin,質問(PDF 185KB),,../../../itdb_shitsumon_pdf_s.nsf/html/shitsumon/pdfS/a217128.pdf/$File/a217128.pdf
shugiin,質問(HTML),,a217129.htm
shugiin,質問(PDF 151KB),,../../../itdb_shitsumon_pdf_s.nsf/html/shitsumon/pdfS/a217129.pdf/$File/a217129.pdf
shugiin,質問(HTML),,a217130.htm
shugiin,質問(PDF 128KB),,../../../itdb_shitsumon_pdf_s.nsf/html/shitsumon/pdfS/a217130.pdf/$File/a217130.pdf
shugiin,質問(HTML),,a217131.htm
shugiin,質問(PDF 98KB),,../../../itdb_shitsumon_pdf_s.nsf/html/shitsumon/pdfS/a217131.pdf/$File/a217131.pdf
shugiin,質問(HTML),,a217132.htm
shugiin,質問(PDF 125KB),,../../../itdb_shitsumon_pdf_s.nsf/html/shitsumon/pdfS/a217132.pdf/$File/a217132.pdf
shugiin,質問(HTML),,a217133.htm
shugiin,質問(PDF 127KB),,../../../itdb_shitsumon_pdf_s.nsf/html/shitsumon/pdfS/a217133.pdf/$File/a217133.pdf
shugiin,質問(HTML),,a217134.htm
shugiin,質問(PDF 202KB),,../../../itdb_shitsumon_pdf_s.nsf/html/shitsumon/pdfS/a217134.pdf/$File/a217134.pdf
shugiin,質問(HTML),,a217135.htm
shugiin,質問(PDF 107KB),,../../../itdb_shitsumon_pdf_s.nsf/html/shitsumon/pdfS/a217135.pdf/$File/a217135.pdf
shugiin,質問(HTML),,a217136.htm
shugiin,質問(PDF 145KB),,../../../itdb_shitsumon_pdf_s.nsf/html/shitsumon/pdfS/a217136.pdf/$File/a217136.pdf
shugiin,質問(HTML),,a217137.htm
shugiin,質問(PDF 155KB),,../../../itdb_shitsumon_pdf_s.nsf/html/shitsumon/pdfS/a217137.pdf/$File/a217137.pdf
shugiin,質問(HTML),,a217138.htm
shugiin,質問(PDF 161KB),,../../../itdb_shitsumon_pdf_s.nsf/html/shitsumon/pdfS/a217138.pdf/$File/a217138.pdf
shugiin,質問(HTML),,a217139.htm
shugiin,質問(PDF 214KB),,../../../itdb_shitsumon_pdf_s.nsf/html/shitsumon/pdfS/a217139.pdf/$File/a217139.pdf
shugiin,質問(HTML),,a217140.htm
shugiin,質問(PDF 198KB),,../../../itdb_shitsumon_pdf_s.nsf/html/shitsumon/pdfS/a217140.pdf/$File/a217140.pdf
shugiin,質問(HTML),,a217141.htm
shugiin,質問(PDF 208KB),,../../../itdb_shitsumon_pdf_s.nsf/html/shitsumon/pdfS/a217141.pdf/$File/a217141.pdf
shugiin,質問(HTML),,a217142.htm
shugiin,質問(PDF 218KB),,../../../itdb_shitsumon_pdf_s.nsf/html/shitsumon/pdfS/a217142.pdf/$File/a217142.pdf
shugiin,質問(HTML),,a217143.htm
shugiin,質問(PDF 77KB),,../../../itdb_shitsumon_pdf_s.nsf/html/shitsumon/pdfS/a217143.pdf/$File/a217143.pdf
shugiin,質問(HTML),,a217144.htm
shugiin,質問(PDF 146KB),,../../../itdb_shitsumon_pdf_s.nsf/html/shitsumon/pdfS/a217144.pdf/$File/a217144.pdf
shugiin,質問(HTML),,a217145.htm
shugiin,質問(PDF 142KB),,../../../itdb_shitsumon_pdf_s.nsf/html/shitsumon/pdfS/a217145.pdf/$File/a217145.pdf
shugiin,質問(HTML),,a217146.htm
shugiin,質問(PDF 102KB),,../../../itdb_shitsumon_pdf_s.nsf/html/shitsumon/pdfS/a217146.pdf/$File/a217146.pdf
shugiin,質問(HTML),,a217147.htm
shugiin,質問(PDF 142KB),,../../../itdb_shitsumon_pdf_s.nsf/html/shitsumon/pdfS/a217147.pdf/$File/a217147.pdf
shugiin,質問(HTML),,a217148.htm
shugiin,質問(PDF 189KB),,../../../itdb_shitsumon_pdf_s.nsf/html/shitsumon/pdfS/a217148.pdf/$File/a217148.pdf
shugiin,質問(HTML),,a217149.htm
shugiin,質問(PDF 98KB),,../../../itdb_shitsumon_pdf_s.nsf/html/shitsumon/pdfS/a217149.pdf/$File/a217149.pdf
shugiin,質問(HTML),,a217150.htm
shugiin,質問(PDF 179KB),,../../../itdb_shitsumon_pdf_s.nsf/html/shitsumon/pdfS/a217150.pdf/$File/a217150.pdf
shugiin,質問(HTML),,a217151.htm
shugiin,質問(PDF 174KB),,../../../itdb_shitsumon_pdf_s.nsf/html/shitsumon/pdfS/a217151.pdf/$File/a217151.pdf
shugiin,質問(HTML),,a217152.htm
shugiin,質問(PDF 122KB),,../../../itdb_shitsumon_pdf_s.nsf/html/shitsumon/pdfS/a217152.pdf/$File/a217152.pdf
shugiin,質問(HTML),,a217153.htm
shugiin,質問(PDF 132KB),,../../../itdb_shitsumon_pdf_s.nsf/html/shitsumon/pdfS/a217153.pdf/$File/a217153.pdf
shugiin,質問(HTML),,a217154.htm
shugiin,質問(PDF 134KB),,../../../itdb_shitsumon_pdf_s.nsf/html/shitsumon/pdfS/a217154.pdf/$File/a217154.pdf
shugiin,質問(HTML),,a217155.htm
shugiin,質問(PDF 177KB),,../../../itdb_shitsumon_pdf_s.nsf/html/shitsumon/pdfS/a217155.pdf/$File/a217155.pdf
shugiin,質問(HTML),,a217156.htm
shugiin,質問(PDF 107KB),,../../../itdb_shitsumon_pdf_s.nsf/html/shitsumon/pdfS/a217156.pdf/$File/a217156.pdf
shugiin,質問(HTML),,a217157.htm
shugiin,質問(PDF 134KB),,../../../itdb_shitsumon_pdf_s.nsf/html/shitsumon/pdfS/a217157.pdf/$File/a217157.pdf
shugiin,質問(HTML),,a217158.htm
shugiin,質問(PDF 108KB),,../../../itdb_shitsumon_pdf_s.nsf/html/shitsumon/pdfS/a217158.pdf/$File/a217158.pdf
shugiin,質問(HTML),,a217159.htm
shugiin,質問(PDF 176KB),,../../../itdb_shitsumon_pdf_s.nsf/html/shitsumon/pdfS/a217159.pdf/$File/a217159.pdf
shugiin,質問(HTML),,a217160.htm
shugiin,質問(PDF 180KB),,../../../itdb_shitsumon_pdf_s.nsf/html/shitsumon/pdfS/a217160.pdf/$File/a217160.pdf
shugiin,質問(HTML),,a217161.htm
shugiin,質問(PDF 182KB),,../../../itdb_shitsumon_pdf_s.nsf/html/shitsumon/pdfS/a217161.pdf/$File/a217161.pdf
shugiin,質問(HTML),,a217162.htm
shugiin,質問(PDF 175KB),,../../../itdb_shitsumon_pdf_s.nsf/html/shitsumon/pdfS/a217162.pdf/$File/a217162.pdf
shugiin,質問(HTML),,a217163.htm
shugiin,質問(PDF 161KB),,../../../itdb_shitsumon_pdf_s.nsf/html/shitsumon/pdfS/a217163.pdf/$File/a217163.pdf
shugiin,質問(HTML),,a217164.htm
shugiin,質問(PDF 263KB),,../../../itdb_shitsumon_pdf_s.nsf/html/shitsumon/pdfS/a217164.pdf/$File/a217164.pdf
shugiin,質問(HTML),,a217165.htm
shugiin,質問(PDF 158KB),,../../../itdb_shitsumon_pdf_s.nsf/html/shitsumon/pdfS/a217165.pdf/$File/a217165.pdf
shugiin,質問(HTML),,a217166.htm
shugiin,質問(PDF 105KB),,../../../itdb_shitsumon_pdf_s.nsf/html/shitsumon/pdfS/a217166.pdf/$File/a217166.pdf
shugiin,質問(HTML),,a217167.htm
shugiin,質問(PDF 146KB),,../../../itdb_shitsumon_pdf_s.nsf/html/shitsumon/pdfS/a217167.pdf/$File/a217167.pdf
shugiin,質問(HTML),,a217168.htm
shugiin,質問(PDF 113KB),,../../../itdb_shitsumon_pdf_s.nsf/html/shitsumon/pdfS/a217168.pdf/$File/a217168.pdf
shugiin,質問(HTML),,a217169.htm
shugiin,質問(PDF 114KB),,../../../itdb_shitsumon_pdf_s.nsf/html/shitsumon/pdfS/a217169.pdf/$File/a217169.pdf
shugiin,質問(HTML),,a217170.htm
shugiin,質問(PDF 116KB),,../../../itdb_shitsumon_pdf_s.nsf/html/shitsumon/pdfS/a217170.pdf/$File/a217170.pdf
shugiin,質問(HTML),,a217171.htm
shugiin,質問(PDF 178KB),,../../../itdb_shitsumon_pdf_s.nsf/html/shitsumon/pdfS/a217171.pdf/$File/a217171.pdf
shugiin,質問(HTML),,a217172.htm
shugiin,質問(PDF 117KB),,../../../itdb_shitsumon_pdf_s.nsf/html/shitsumon/pdfS/a217172.pdf/$File/a217172.pdf
shugiin,質問(HTML),,a217173.htm
shugiin,質問(PDF 142KB),,../../../itdb_shitsumon_pdf_s.nsf/html/shitsumon/pdfS/a217173.pdf/$File/a217173.pdf
shugiin,質問(HTML),,a217174.htm
shugiin,質問(PDF 211KB),,../../../itdb_shitsumon_pdf_s.nsf/html/shitsumon/pdfS/a217174.pdf/$File/a217174.pdf
shugiin,質問(HTML),,a217175.htm
shugiin,質問(PDF 128KB),,../../../itdb_shitsumon_pdf_s.nsf/html/shitsumon/pdfS/a217175.pdf/$File/a217175.pdf
shugiin,質問(HTML),,a217176.htm
shugiin,質問(PDF 159KB),,../../../itdb_shitsumon_pdf_s.nsf/html/shitsumon/pdfS/a217176.pdf/$File/a217176.pdf
shugiin,質問(HTML),,a217177.htm
shugiin,質問(PDF 153KB),,../../../itdb_shitsumon_pdf_s.nsf/html/shitsumon/pdfS/a217177.pdf/$File/a217177.pdf
shugiin,質問(HTML),,a217178.htm
shugiin,質問(PDF 159KB),,../../../itdb_shitsumon_pdf_s.nsf/html/shitsumon/pdfS/a217178.pdf/$File/a217178.pdf
shugiin,質問(HTML),,a217179.htm
shugiin,質問(PDF 215KB),,../../../itdb_shitsumon_pdf_s.nsf/html/shitsumon/pdfS/a217179.pdf/$File/a217179.pdf
shugiin,質問(HTML),,a217180.htm
shugiin,質問(PDF 235KB),,../../../itdb_shitsumon_pdf_s.nsf/html/shitsumon/pdfS/a217180.pdf/$File/a217180.pdf
shugiin,質問(HTML),,a217181.htm
shugiin,質問(PDF 139KB),,../../../itdb_shitsumon_pdf_s.nsf/html/shitsumon/pdfS/a217181.pdf/$File/a217181.pdf
shugiin,質問(HTML),,a217182.htm
shugiin,質問(PDF 140KB),,../../../itdb_shitsumon_pdf_s.nsf/html/shitsumon/pdfS/a217182.pdf/$File/a217182.pdf
shugiin,質問(HTML),,a217183.htm
shugiin,質問(PDF 184KB),,../../../itdb_shitsumon_pdf_s.nsf/html/shitsumon/pdfS/a217183.pdf/$File/a217183.pdf
shugiin,質問(HTML),,a217184.htm
shugiin,質問(PDF 125KB),,../../../itdb_shitsumon_pdf_s.nsf/html/shitsumon/pdfS/a217184.pdf/$File/a217184.pdf
shugiin,質問(HTML),,a217185.htm
shugiin,質問(PDF 127KB),,../../../itdb_shitsumon_pdf_s.nsf/html/shitsumon/pdfS/a217185.pdf/$File/a217185.pdf
shugiin,質問(HTML),,a217186.htm
shugiin,質問(PDF 167KB),,../../../itdb_shitsumon_pdf_s.nsf/html/shitsumon/pdfS/a217186.pdf/$File/a217186.pdf
shugiin,質問(HTML),,a217187.htm
shugiin,質問(PDF 135KB),,../../../itdb_shitsumon_pdf_s.nsf/html/shitsumon/pdfS/a217187.pdf/$File/a217187.pdf
shugiin,質問(HTML),,a217188.htm
shugiin,質問(PDF 155KB),,../../../itdb_shitsumon_pdf_s.nsf/html/shitsumon/pdfS/a217188.pdf/$File/a217188.pdf
shugiin,質問(HTML),,a217189.htm
shugiin,質問(PDF 184KB),,../../../itdb_shitsumon_pdf_s.nsf/html/shitsumon/pdfS/a217189.pdf/$File/a217189.pdf
shugiin,質問(HTML),,a217190.htm
shugiin,質問(PDF 171KB),,../../../itdb_shitsumon_pdf_s.nsf/html/shitsumon/pdfS/a217190.pdf/$File/a217190.pdf
shugiin,質問(HTML),,a217191.htm
shugiin,質問(PDF 146KB),,../../../itdb_shitsumon_pdf_s.nsf/html/shitsumon/pdfS/a217191.pdf/$File/a217191.pdf
shugiin,質問(HTML),,a217192.htm
shugiin,質問(PDF 206KB),,../../../itdb_shitsumon_pdf_s.nsf/html/shitsumon/pdfS/a217192.pdf/$File/a217192.pdf
shugiin,質問(HTML),,a217193.htm
shugiin,質問(PDF 157KB),,../../../itdb_shitsumon_pdf_s.nsf/html/shitsumon/pdfS/a217193.pdf/$File/a217193.pdf
shugiin,質問(HTML),,a217194.htm
shugiin,質問(PDF 117KB),,../../../itdb_shitsumon_pdf_s.nsf/html/shitsumon/pdfS/a217194.pdf/$File/a217194.pdf
shugiin,質問(HTML),,a217195.htm
shugiin,質問(PDF 155KB),,../../../itdb_shitsumon_pdf_s.nsf/html/shitsumon/pdfS/a217195.pdf/$File/a217195.pdf
shugiin,質問(HTML),,a217196.htm
shugiin,質問(PDF 147KB),,../../../itdb_shitsumon_pdf_s.nsf/html/shitsumon/pdfS/a217196.pdf/$File/a217196.pdf
shugiin,質問(HTML),,a217197.htm
shugiin,質問(PDF 145KB),,../../../itdb_shitsumon_pdf_s.nsf/html/shitsumon/pdfS/a217197.pdf/$File/a217197.pdf
shugiin,質問(HTML),,a217198.htm
shugiin,質問(PDF 201KB),,../../../itdb_shitsumon_pdf_s.nsf/html/shitsumon/pdfS/a217198.pdf/$File/a217198.pdf
shugiin,質問(HTML),,a217199.htm
shugiin,質問(PDF 207KB),,../../../itdb_shitsumon_pdf_s.nsf/html/shitsumon/pdfS/a217199.pdf/$File/a217199.pdf
shugiin,質問(HTML),,a217200.htm
shugiin,質問(PDF 207KB),,../../../itdb_shitsumon_pdf_s.nsf/html/shitsumon/pdfS/a217200.pdf/$File/a217200.pdf
shugiin,質問(HTML),,a217201.htm
shugiin,質問(PDF 202KB),,../../../itdb_shitsumon_pdf_s.nsf/html/shitsumon/pdfS/a217201.pdf/$File/a217201.pdf
shugiin,質問(HTML),,a217202.htm
shugiin,質問(PDF 169KB),,../../../itdb_shitsumon_pdf_s.nsf/html/shitsumon/pdfS/a217202.pdf/$File/a217202.pdf
shugiin,質問(HTML),,a217203.htm
shugiin,質問(PDF 284KB),,../../../itdb_shitsumon_pdf_s.nsf/html/shitsumon/pdfS/a217203.pdf/$File/a217203.pdf
shugiin,質問(HTML),,a217204.htm
shugiin,質問(PDF 118KB),,../../../itdb_shitsumon_pdf_s.nsf/html/shitsumon/pdfS/a217204.pdf/$File/a217204.pdf
shugiin,質問(HTML),,a217205.htm
shugiin,質問(PDF 139KB),,../../../itdb_shitsumon_pdf_s.nsf/html/shitsumon/pdfS/a217205.pdf/$File/a217205.pdf
shugiin,質問(HTML),,a217206.htm
shugiin,質問(PDF 150KB),,../../../itdb_shitsumon_pdf_s.nsf/html/shitsumon/pdfS/a217206.pdf/$File/a217206.pdf
shugiin,質問(HTML),,a217207.htm
shugiin,質問(PDF 120KB),,../../../itdb_shitsumon_pdf_s.nsf/html/shitsumon/pdfS/a217207.pdf/$File/a217207.pdf
shugiin,質問(HTML),,a217208.htm
shugiin,質問(PDF 167KB),,../../../itdb_shitsumon_pdf_s.nsf/html/shitsumon/pdfS/a217208.pdf/$File/a217208.pdf
shugiin,質問(HTML),,a217209.htm
shugiin,質問(PDF 215KB),,../../../itdb_shitsumon_pdf_s.nsf/html/shitsumon/pdfS/a217209.pdf/$File/a217209.pdf
shugiin,質問(HTML),,a217210.htm
shugiin,質問(PDF 163KB),,../../../itdb_shitsumon_pdf_s.nsf/html/shitsumon/pdfS/a217210.pdf/$File/a217210.pdf
shugiin,質問(HTML),,a217211.htm
shugiin,質問(PDF 171KB),,../../../itdb_shitsumon_pdf_s.nsf/html/shitsumon/pdfS/a217211.pdf/$File/a217211.pdf
shugiin,質問(HTML),,a217212.htm
shugiin,質問(PDF 172KB),,../../../itdb_shitsumon_pdf_s.nsf/html/shitsumon/pdfS/a217212.pdf/$File/a217212.pdf
shugiin,質問(HTML),,a217213.htm
shugiin,質問(PDF 124KB),,../../../itdb_shitsumon_pdf_s.nsf/html/shitsumon/pdfS/a217213.pdf/$File/a217213.pdf
shugiin,質問(HTML),,a217214.htm
shugiin,質問(PDF 320KB),,../../../itdb_shitsumon_pdf_s.nsf/html/shitsumon/pdfS/a217214.pdf/$File/a217214.pdf
shugiin,質問(HTML),,a217215.htm
shugiin,質問(PDF 226KB),,../../../itdb_shitsumon_pdf_s.nsf/html/shitsumon/pdfS/a217215.pdf/$File/a217215.pdf
shugiin,質問(HTML),,a217216.htm
shugiin,質問(PDF 165KB),,../../../itdb_shitsumon_pdf_s.nsf/html/shitsumon/pdfS/a217216.pdf/$File/a217216.pdf
shugiin,質問(HTML),,a217217.htm
shugiin,質問(PDF 223KB),,../../../itdb_shitsumon_pdf_s.nsf/html/shitsumon/pdfS/a217217.pdf/$File/a217217.pdf
shugiin,質問(HTML),,a217218.htm
shugiin,質問(PDF 209KB),,../../../itdb_shitsumon_pdf_s.nsf/html/shitsumon/pdfS/a217218.pdf/$File/a217218.pdf
shugiin,質問(HTML),,a217219.htm
shugiin,質問(PDF 198KB),,../../../itdb_shitsumon_pdf_s.nsf/html/shitsumon/pdfS/a217219.pdf/$File/a217219.pdf
shugiin,質問(HTML),,a217220.htm
shugiin,質問(PDF 131KB),,../../../itdb_shitsumon_pdf_s.nsf/html/shitsumon/pdfS/a217220.pdf/$File/a217220.pdf
shugiin,質問(HTML),,a217221.htm
shugiin,質問(PDF 221KB),,../../../itdb_shitsumon_pdf_s.nsf/html/shitsumon/pdfS/a217221.pdf/$File/a217221.pdf
shugiin,質問(HTML),,a217222.htm
shugiin,質問(PDF 162KB),,../../../itdb_shitsumon_pdf_s.nsf/html/shitsumon/pdfS/a217222.pdf/$File/a217222.pdf
shugiin,質問(HTML),,a217223.htm
shugiin,質問(PDF 209KB),,../../../itdb_shitsumon_pdf_s.nsf/html/shitsumon/pdfS/a217223.pdf/$File/a217223.pdf
shugiin,質問(HTML),,a217224.htm
shugiin,質問(PDF 114KB),,../../../itdb_shitsumon_pdf_s.nsf/html/shitsumon/pdfS/a217224.pdf/$File/a217224.pdf
shugiin,質問(HTML),,a217225.htm
shugiin,質問(PDF 141KB),,../../../itdb_shitsumon_pdf_s.nsf/html/shitsumon/pdfS/a217225.pdf/$File/a217225.pdf
shugiin,質問(HTML),,a217226.htm
shugiin,質問(PDF 119KB),,../../../itdb_shitsumon_pdf_s.nsf/html/shitsumon/pdfS/a217226.pdf/$File/a217226.pdf
shugiin,質問(HTML),,a217227.htm
shugiin,質問(PDF 114KB),,../../../itdb_shitsumon_pdf_s.nsf/html/shitsumon/pdfS/a217227.pdf/$File/a217227.pdf
shugiin,質問(HTML),,a217228.htm
shugiin,質問(PDF 116KB),,../../../itdb_shitsumon_pdf_s.nsf/html/shitsumon/pdfS/a217228.pdf/$File/a217228.pdf
shugiin,質問(HTML),,a217229.htm
shugiin,質問(PDF 170KB),,../../../itdb_shitsumon_pdf_s.nsf/html/shitsumon/pdfS/a217229.pdf/$File/a217229.pdf
shugiin,質問(HTML),,a217230.htm
shugiin,質問(PDF 154KB),,../../../itdb_shitsumon_pdf_s.nsf/html/shitsumon/pdfS/a217230.pdf/$File/a217230.pdf
shugiin,質問(HTML),,a217231.htm
shugiin,質問(PDF 103KB),,../../../itdb_shitsumon_pdf_s.nsf/html/shitsumon/pdfS/a217231.pdf/$File/a217231.pdf
shugiin,質問(HTML),,a217232.htm
shugiin,質問(PDF 107KB),,../../../itdb_shitsumon_pdf_s.nsf/html/shitsumon/pdfS/a217232.pdf/$File/a217232.pdf
shugiin,質問(HTML),,a217233.htm
shugiin,質問(PDF 140KB),,../../../itdb_shitsumon_pdf_s.nsf/html/shitsumon/pdfS/a217233.pdf/$File/a217233.pdf
shugiin,質問(HTML),,a217234.htm
shugiin,質問(PDF 212KB),,../../../itdb_shitsumon_pdf_s.nsf/html/shitsumon/pdfS/a217234.pdf/$File/a217234.pdf
